Nom;Prenom;Email;Telephone;Adresse;DateNaissance;MotDePasse
Dupont;Marie;marie.dupont@email.com;0612345678;12 rue des Lilas, 75001 Paris;1990-05-15;Password123!
Martin;Jean;jean.martin@email.com;0623456789;45 avenue Victor Hugo, 69001 Lyon;1985-08-22;Password123!
Bernard;Sophie;sophie.bernard@email.com;0634567890;8 place de la Republique, 33000 Bordeaux;1992-03-10;Password123!
Petit;Lucas;lucas.petit@email.com;0645678901;23 boulevard Gambetta, 13001 Marseille;1988-11-28;Password123!
Moreau;Emma;emma.moreau@email.com;0656789012;56 rue Jean Jaures, 31000 Toulouse;1995-07-03;Password123!
